artist,song
3 Doors Down,Be Like That
3 Doors Down,Landing in London
3 Doors Down,Let Me Be Myself
3 Doors Down,Let Me Go
3 Doors Down,Loser
3 Doors Down,Ticket to Heaven
3 Doors Down,When I'm Gone
Alabama,Dixieland Delight
Alabama,Song of the South
Ben Harper,Burn One Down
Ben Harper,Sexual Healing
Ben Harper,Steal My Kisses
Blessid Union of Souls,I Believe
Bob Marley,Three Little Birds
Brad Paisley,I'm Gonna Miss Her
Brad Paisley,Mud on the Tires
Brad Paisley,When I Get Where I'm Going
Breaking Benjamin,Anthem of the Angels
Breaking Benjamin,Ashes of Eden
Bryan Adams,Summer of 69
Buffalo Springfield,For What It's Worth
Chamillionaire,Good Morning
Chamillionaire,Ridin Dirty
Citizen Cope,Sons Gonna Rise
Clint Black,Like The Rain
Cody Jinks,Loud and Heavy
Colbie Caillat,Breakeven Fast Car
Colbie Caillat,Bubbly
Common Kings,Wade In Your Water
Dave Matthews,Everyday
Dave Matthews,Gravedigger
Dave Matthews,Oh
Dave Matthews,Old Dirt Hill
Dave Matthews,Space Between
Dave Matthews,Stay or Leave
Dirty Heads,Lay Me Down
Dirty Heads,Stand Tall
Ed Sheeran,I See Fire
Eminem,I Need a Doctor
Eminem,Not Afraid
Eminem,Space Bound
Eric Clapton,Cocaine
Eurythmics,Sweet Dreams
Flipsyde,Someday
Garth Brooks,Callin Baton Rouge
Garth Brooks,Friends In Low Places
Garth Brooks,Rodeo
Garth Brooks,Standing Outside the Fire
Garth Brooks,That Summer
Garth Brooks,The Thunder Rolls
George Strait,Heartland
Gotye,Somebody That I Used to Know
Gourds,Gin and Juice
Greatful Dead,Casey Jones
Incubus,Drive
Ingram Hill,Chicago
Ingram Hill,Maybe It's Just Me
Jack Johnson,Adrift
Jack Johnson,All At Once
Jack Johnson,Angel
Jack Johnson,Anything But the Truth
Jack Johnson,As I Was Saying
Jack Johnson,Better Together
Jack Johnson,Breakdown
Jack Johnson,Cocoon
Jack Johnson,Constellations
Jack Johnson,Cookie Jar
Jack Johnson,Crying Shame
Jack Johnson,Do You Remember
Jack Johnson,F Stop Blues
Jack Johnson,Flake
Jack Johnson,Fortunate Fool
Jack Johnson,Free
Jack Johnson,Girl I Wanna Lay You Down
Jack Johnson,Go On
Jack Johnson,Gone
Jack Johnson,Holes To Heaven
Jack Johnson,Home
Jack Johnson,Hope
Jack Johnson,Horizon Has Been Defeated
Jack Johnson,I Got You
Jack Johnson,If I Had Eyes
Jack Johnson,Inaudible Melodies
Jack Johnson,Monsoon
Jack Johnson,My Little Girl
Jack Johnson,Never Fade
Jack Johnson,Never Know
Jack Johnson,No Good With Faces
Jack Johnson,Ones and Zeros
Jack Johnson,Rodeo Clowns
Jack Johnson,Same Girl
Jack Johnson,"Sitting, Waiting, Wishing"
Jack Johnson,Sleep Through The Static
Jack Johnson,Staple It Together
Jack Johnson,The News
Jack Johnson,Traffic In The Sky
Jack Johnson,Washing Dishes
John Mayer,Free Fallin
John Mayer,Queen of California
John Mayer,Say
John Mayer,Slow Dancing in a Burning Room
Justin Nozuka,Criminal
Justin Nozuka,Save Him
Ottis Redding,Sittin on the Dock of the Bay
Justin Timberlake,What Goes Around
Kci and JoJo,All My Life
Kings of Leon,Closer
Kings of Leon,Revelry
Leann Rimes,Can't Fight the Moonlight
Lil Wayne,Rich as F*ck
Mac Miller,Weekend
Our Lady Peace,Innocent
Our Lady Peace,Somewhere Out There
Our Lady Peace,Supermans Dead
Papa Roach,Scars
Post Malone,Congratulations
Post Malone,Psycho
Post Malone,Better Now
R Kelly,Ignition
R Kelly,The Worlds Greatest
Rebelution,Feeling Alright
Rebelution,Ordinary Girl
Rehab,Bartender
Shinedown,45
Shinedown,Call Me
Stone Temple Pilots,Creep
Sublime,Badfish
Sublime,Garden Grove
Sublime,What I Got
Allman Brothers,Soulshine
The Band,The Weight
Rolling Stones,Beast of Burden
Tim McGraw,Cowboy In Me
Tim McGraw,Indian Outlaw
Tim McGraw,Where the Green Grass Grows
Tim McGraw,Live Like You Were Dying
Train,Meet Virginia
Yelawolf,American You
